Date,ReviewCount,LessonDescription
2025-09-05,0,Sentence/Fragment
2025-09-08,0,Declaritive and Interrogative
2025-09-09,1,Sentence/Fragment
2025-09-12,0,Imperative and Exclamatory
2025-09-12,1,Declaritive and Interrogative
2025-09-15,0,Fixing Run-together Sentences
2025-09-16,1,Imperative and Exclamatory
2025-09-16,2,Sentence/Fragment
2025-09-19,2,Declaritive and Interrogative
2025-09-19,0,Friendly Letter Parts
2025-09-19,1,Fixing Run-together Sentences
2025-09-22,0,Encyclopedia Guide Words
2025-09-23,1,Friendly Letter Parts
2025-09-23,2,Imperative and Exclamatory
2025-09-26,1,Encyclopedia Guide Words
2025-09-26,0,Abbreviations and End Marks
2025-09-26,2,Fixing Run-together Sentences
2025-09-26,3,Sentence/Fragment
2025-09-29,0,Commas Rule 1
2025-09-30,2,Friendly Letter Parts
2025-09-30,1,Abbreviations and End Marks
2025-10-01,3,Declaritive and Interrogative
2025-10-03,1,Commas Rule 1
2025-10-03,2,Encyclopedia Guide Words
2025-10-03,0,Commas Rule 2
2025-10-03,3,Imperative and Exclamatory
2025-10-06,0,"Commas Rules 3,4,5"
2025-10-07,1,Commas Rule 2
2025-10-07,2,Abbreviations and End Marks
2025-10-08,3,Fixing Run-together Sentences
2025-10-10,3,Friendly Letter Parts
2025-10-10,2,Commas Rule 1
2025-10-10,0,Quotation Marks Rule 1
2025-10-10,1,"Commas Rules 3,4,5"
2025-10-13,0,Quotation Marks Rule 2
2025-10-13,4,Sentence/Fragment
2025-10-14,2,Commas Rule 2
2025-10-14,1,Quotation Marks Rule 1
2025-10-15,3,Encyclopedia Guide Words
2025-10-17,1,Quotation Marks Rule 2
2025-10-17,2,"Commas Rules 3,4,5"
2025-10-17,3,Abbreviations and End Marks
2025-10-17,0,Apostrophes Rule 1
2025-10-20,0,Apostrophes Rule 2
2025-10-20,4,Imperative and Exclamatory
2025-10-21,2,Quotation Marks Rule 1
2025-10-21,1,Apostrophes Rule 1
2025-10-21,4,Declaritive and Interrogative
2025-10-22,3,Commas Rule 1
2025-10-24,0,Colons and Underlining
2025-10-24,1,Apostrophes Rule 2
2025-10-24,3,Commas Rule 2
2025-10-24,2,Quotation Marks Rule 2
2025-10-27,0,"Capitalization Rules 1,2,3"
2025-10-27,4,Friendly Letter Parts
2025-10-28,1,Colons and Underlining
2025-10-28,4,Fixing Run-together Sentences
2025-10-28,2,Apostrophes Rule 1
2025-10-29,3,"Commas Rules 3,4,5"
2025-10-31,0,"Capitalization Rules 4,5"
2025-10-31,1,"Capitalization Rules 1,2,3"
2025-10-31,3,Quotation Marks Rule 1
2025-10-31,2,Apostrophes Rule 2
2025-11-03,0,Capitalization Rule 6
2025-11-03,4,Abbreviations and End Marks
2025-11-04,2,Colons and Underlining
2025-11-04,1,"Capitalization Rules 4,5"
2025-11-04,4,Encyclopedia Guide Words
2025-11-05,3,Quotation Marks Rule 2
2025-11-07,1,Capitalization Rule 6
2025-11-07,3,Apostrophes Rule 1
2025-11-07,2,"Capitalization Rules 1,2,3"
2025-11-07,0,"Capitalization Rules 7,8,9"
2025-11-10,4,Commas Rule 2
2025-11-10,0,"Capitalization Rules 10,11"
2025-11-11,2,"Capitalization Rules 4,5"
2025-11-11,5,Sentence/Fragment
2025-11-11,1,"Capitalization Rules 7,8,9"
2025-11-11,4,Commas Rule 1
2025-11-12,3,Apostrophes Rule 2
2025-11-14,3,Colons and Underlining
2025-11-14,0,Sentence Parts: Subject/Predicate
2025-11-14,1,"Capitalization Rules 10,11"
2025-11-14,2,Capitalization Rule 6
2025-11-17,0,The Verb-Action
2025-11-17,4,Quotation Marks Rule 1
2025-11-18,4,"Commas Rules 3,4,5"
2025-11-18,2,"Capitalization Rules 7,8,9"
2025-11-18,1,Sentence Parts: Subject/Predicate
2025-11-18,5,Imperative and Exclamatory
2025-11-19,3,"Capitalization Rules 1,2,3"
2025-11-21,2,"Capitalization Rules 10,11"
2025-11-21,1,The Verb-Action
2025-11-21,0,State of Being Verbs
2025-11-21,3,"Capitalization Rules 4,5"
2025-11-24,4,Apostrophes Rule 1
2025-11-24,5,Declaritive and Interrogative
2025-11-25,1,State of Being Verbs
2025-11-25,2,Sentence Parts: Subject/Predicate
2025-11-25,4,Quotation Marks Rule 2
2025-11-25,5,Friendly Letter Parts
2025-11-26,2,The Verb-Action
2025-11-26,3,"Capitalization Rules 7,8,9"
2025-11-26,3,Capitalization Rule 6
2025-12-01,4,Colons and Underlining
2025-12-01,0,Helping Verbs
2025-12-01,5,Fixing Run-together Sentences
2025-12-02,5,Abbreviations and End Marks
2025-12-02,4,Apostrophes Rule 2
2025-12-02,2,State of Being Verbs
2025-12-03,3,"Capitalization Rules 10,11"
2025-12-05,3,Sentence Parts: Subject/Predicate
2025-12-05,1,Helping Verbs
2025-12-05,3,The Verb-Action
2025-12-08,4,"Capitalization Rules 4,5"
2025-12-08,5,Encyclopedia Guide Words
2025-12-09,4,"Capitalization Rules 1,2,3"
2025-12-09,5,Commas Rule 2
2025-12-10,4,"Capitalization Rules 7,8,9"
2025-12-12,3,State of Being Verbs
2025-12-12,2,Helping Verbs
2025-12-15,5,Commas Rule 1
2025-12-16,4,Capitalization Rule 6
2025-12-16,5,Quotation Marks Rule 1
2025-12-19,4,The Verb-Action
2025-12-22,6,Sentence/Fragment
2025-12-22,3,Helping Verbs
2025-12-22,5,"Capitalization Rules 7,8,9"
2025-12-22,5,"Commas Rules 3,4,5"
2025-12-22,4,State of Being Verbs
2025-12-22,4,"Capitalization Rules 10,11"
2025-12-22,5,Apostrophes Rule 1
2025-12-22,4,Sentence Parts: Subject/Predicate
2025-12-22,5,Quotation Marks Rule 2
2025-12-22,5,Colons and Underlining
2026-01-05,5,Apostrophes Rule 2
2026-01-05,0,Verb Phrases
2026-01-06,5,"Capitalization Rules 4,5"
2026-01-06,6,Imperative and Exclamatory
2026-01-08,5,State of Being Verbs
2026-01-08,4,Helping Verbs
2026-01-09,1,Verb Phrases
2026-01-09,0,Recognizing Nouns
2026-01-09,6,"Capitalization Rules 7,8,9"
2026-01-12,5,The Verb-Action
2026-01-12,5,"Capitalization Rules 1,2,3"
2026-01-12,0,Common and Proper Nouns
2026-01-13,6,Friendly Letter Parts
2026-01-13,1,Recognizing Nouns
2026-01-16,1,Common and Proper Nouns
2026-01-16,2,Verb Phrases
2026-01-16,0,Subjects and Verbs
2026-01-19,5,Capitalization Rule 6
2026-01-19,0,Compound Subjects and Verbs
2026-01-20,6,Abbreviations and End Marks
2026-01-20,1,Subjects and Verbs
2026-01-20,5,Sentence Parts: Subject/Predicate
2026-01-20,2,Recognizing Nouns
2026-01-21,6,Declaritive and Interrogative
2026-01-23,1,Compound Subjects and Verbs
2026-01-23,2,Common and Proper Nouns
2026-01-23,0,Making Nouns Plural
2026-01-23,5,"Capitalization Rules 10,11"
2026-01-26,0,Pronouns and Antecedents
2026-01-27,2,Subjects and Verbs
2026-01-27,1,Making Nouns Plural
2026-01-27,6,Commas Rule 2
2026-01-27,6,Colons and Underlining
2026-01-28,6,Fixing Run-together Sentences
2026-01-28,3,Verb Phrases
2026-01-30,0,Adjectives
2026-01-30,2,Compound Subjects and Verbs
2026-01-30,1,Pronouns and Antecedents
2026-01-30,3,Recognizing Nouns
2026-02-02,0,Adverbs-Modifying Verbs
2026-02-03,6,Quotation Marks Rule 1
2026-02-03,1,Adjectives
2026-02-03,2,Making Nouns Plural
2026-02-04,3,Common and Proper Nouns
2026-02-04,6,Encyclopedia Guide Words
2026-02-06,6,State of Being Verbs
2026-02-06,5,Helping Verbs
2026-02-06,3,Subjects and Verbs
2026-02-06,1,Adverbs-Modifying Verbs
2026-02-06,2,Pronouns and Antecedents
2026-02-06,6,Apostrophes Rule 1
2026-02-06,6,Quotation Marks Rule 2
2026-02-06,0,Adverbs-Modifying Adjectives and Adverbs
2026-02-09,0,Good and Well
2026-02-09,7,"Capitalization Rules 7,8,9"
2026-02-10,1,Adverbs-Modifying Adjectives and Adverbs
2026-02-10,2,Adjectives
2026-02-11,6,Commas Rule 1
2026-02-11,3,Compound Subjects and Verbs
2026-02-13,3,Making Nouns Plural
2026-02-13,2,Adverbs-Modifying Verbs
2026-02-13,0,Prepositions
2026-02-13,1,Good and Well
2026-02-16,0,Prepositional Phrases
2026-02-16,4,Recognizing Nouns
2026-02-17,1,Prepositions
2026-02-17,4,Verb Phrases
2026-02-17,2,Adverbs-Modifying Adjectives and Adverbs
2026-02-18,3,Pronouns and Antecedents
2026-02-18,6,"Commas Rules 3,4,5"
2026-02-20,3,Adjectives
2026-02-20,6,The Verb-Action
2026-02-20,1,Prepositional Phrases
2026-02-20,0,Conjunctions
2026-02-20,2,Good and Well
2026-02-23,0,Interjections
2026-02-23,4,Subjects and Verbs
2026-02-24,4,Common and Proper Nouns
2026-02-24,6,"Capitalization Rules 4,5"
2026-02-24,2,Prepositions
2026-02-24,1,Conjunctions
2026-02-25,3,Adverbs-Modifying Verbs
2026-02-27,1,Interjections
2026-02-27,2,Prepositional Phrases
2026-02-27,0,Agreement of Subject and Verb
2026-02-27,3,Adverbs-Modifying Adjectives and Adverbs
2026-03-02,4,Making Nouns Plural
2026-03-02,7,Sentence/Fragment
2026-03-02,0,Using Sit and Set Correctly
2026-03-03,2,Conjunctions
2026-03-03,1,Agreement of Subject and Verb
2026-03-03,4,Compound Subjects and Verbs
2026-03-04,3,Good and Well
2026-03-04,6,Apostrophes Rule 2
2026-03-06,2,Interjections
2026-03-06,0,Using Lie and Lay Correctly
2026-03-06,1,Using Sit and Set Correctly
2026-03-06,3,Prepositions
2026-03-09,4,Adjectives
2026-03-09,0,Using Its and It's
2026-03-10,6,Sentence Parts: Subject/Predicate
2026-03-10,4,Pronouns and Antecedents
2026-03-10,2,Agreement of Subject and Verb
2026-03-10,1,Using Lie and Lay Correctly
2026-03-11,3,Prepositional Phrases
2026-03-11,6,"Capitalization Rules 1,2,3"
2026-03-13,0,Using Your and You're
2026-03-13,3,Conjunctions
2026-03-13,1,Using Its and It's
2026-03-13,2,Using Sit and Set Correctly
2026-03-16,4,Adverbs-Modifying Adjectives and Adverbs
2026-03-16,0,"Using Their, They're, and There"
2026-03-17,1,Using Your and You're
2026-03-17,4,Adverbs-Modifying Verbs
2026-03-17,2,Using Lie and Lay Correctly
2026-03-17,5,Recognizing Nouns
2026-03-18,6,Capitalization Rule 6
2026-03-18,6,"Capitalization Rules 10,11"
2026-03-18,3,Interjections
2026-03-20,2,Using Its and It's
2026-03-20,0,"Using To, Too, and Two"
2026-03-20,1,"Using Their, They're, and There"
2026-03-20,3,Agreement of Subject and Verb
2026-03-23,4,Prepositions
2026-03-23,0,Using Learn/Teach and Can/May
2026-03-23,5,Verb Phrases
2026-03-24,4,Good and Well
2026-03-24,5,Subjects and Verbs
2026-03-24,1,"Using To, Too, and Two"
2026-03-24,2,Using Your and You're
2026-03-25,3,Using Sit and Set Correctly
2026-03-27,3,Using Lie and Lay Correctly
2026-03-27,7,Colons and Underlining
2026-03-27,1,Using Learn/Teach and Can/May
2026-03-27,7,State of Being Verbs
2026-03-27,6,Helping Verbs
2026-03-27,2,"Using Their, They're, and There"
2026-03-30,7,Imperative and Exclamatory
2026-03-30,4,Conjunctions
2026-03-30,5,Common and Proper Nouns
2026-03-31,5,Making Nouns Plural
2026-03-31,2,"Using To, Too, and Two"
2026-03-31,4,Prepositional Phrases
2026-04-01,3,Using Its and It's
2026-04-03,8,"Capitalization Rules 7,8,9"
2026-04-03,3,Using Your and You're
2026-04-03,2,Using Learn/Teach and Can/May
2026-04-06,7,Friendly Letter Parts
2026-04-06,5,Compound Subjects and Verbs
2026-04-06,4,Agreement of Subject and Verb
2026-04-07,5,Adjectives
2026-04-07,4,Interjections
2026-04-08,3,"Using Their, They're, and There"
2026-04-10,3,"Using To, Too, and Two"
2026-04-13,5,Pronouns and Antecedents
2026-04-13,7,Abbreviations and End Marks
2026-04-13,4,Using Lie and Lay Correctly
2026-04-14,4,Using Sit and Set Correctly
2026-04-14,5,Adverbs-Modifying Adjectives and Adverbs
2026-04-15,3,Using Learn/Teach and Can/May
2026-04-20,7,Commas Rule 2
2026-04-20,5,Adverbs-Modifying Verbs
2026-04-20,4,Using Your and You're
2026-04-21,5,Prepositions
2026-04-21,4,Using Its and It's
2026-04-24,7,Apostrophes Rule 1
2026-04-24,7,Quotation Marks Rule 2
2026-04-27,4,"Using To, Too, and Two"
2026-04-27,5,Good and Well
2026-04-27,7,Quotation Marks Rule 1
2026-04-27,7,The Verb-Action
2026-04-28,5,Conjunctions
2026-04-28,4,"Using Their, They're, and There"
2026-04-30,7,Declaritive and Interrogative
2026-05-04,5,Prepositional Phrases
2026-05-05,5,Agreement of Subject and Verb
2026-05-05,6,Recognizing Nouns
2026-05-05,4,Using Learn/Teach and Can/May
2026-05-07,7,Fixing Run-together Sentences
2026-05-11,5,Interjections
2026-05-12,5,Using Lie and Lay Correctly
2026-05-12,6,Subjects and Verbs
2026-05-14,7,Encyclopedia Guide Words
2026-05-18,5,Using Sit and Set Correctly
2026-05-18,7,"Capitalization Rules 4,5"
2026-05-19,5,Using Your and You're
2026-05-19,6,Making Nouns Plural
2026-05-20,6,Verb Phrases
2026-05-21,7,Commas Rule 1
2026-05-25,5,Using Its and It's
2026-05-26,6,Adjectives
2026-05-26,5,"Using To, Too, and Two"
2026-05-26,6,Common and Proper Nouns
2026-05-28,7,"Commas Rules 3,4,5"
2026-06-01,5,"Using Their, They're, and There"
2026-06-01,7,Sentence Parts: Subject/Predicate
2026-06-02,6,Adverbs-Modifying Adjectives and Adverbs
2026-06-03,6,Compound Subjects and Verbs
2026-06-08,5,Using Learn/Teach and Can/May
2026-06-09,6,Prepositions
2026-06-10,6,Pronouns and Antecedents
2026-06-11,7,Apostrophes Rule 2
2026-06-16,6,Conjunctions
2026-06-17,6,Adverbs-Modifying Verbs
2026-06-18,7,"Capitalization Rules 1,2,3"
2026-06-18,7,Helping Verbs
2026-06-18,7,"Capitalization Rules 10,11"
2026-06-18,8,State of Being Verbs
2026-06-23,6,Agreement of Subject and Verb
2026-06-24,6,Good and Well
2026-06-25,7,Capitalization Rule 6
2026-06-29,8,Sentence/Fragment
2026-06-30,6,Using Lie and Lay Correctly
2026-07-01,6,Prepositional Phrases
2026-07-02,9,"Capitalization Rules 7,8,9"
2026-07-03,8,Colons and Underlining
2026-07-07,6,Using Your and You're
2026-07-08,6,Interjections
2026-07-14,6,"Using To, Too, and Two"
2026-07-15,6,Using Sit and Set Correctly
2026-07-22,6,Using Its and It's
2026-07-27,7,Recognizing Nouns
2026-07-29,6,"Using Their, They're, and There"
2026-08-03,7,Subjects and Verbs
2026-08-05,6,Using Learn/Teach and Can/May
2026-08-10,7,Making Nouns Plural
2026-08-17,8,The Verb-Action
2026-08-17,7,Adjectives
2026-08-18,8,Imperative and Exclamatory
2026-08-24,7,Adverbs-Modifying Adjectives and Adverbs
2026-08-25,8,Friendly Letter Parts
2026-08-27,7,Verb Phrases
2026-08-31,7,Prepositions
2026-08-31,7,Common and Proper Nouns
2026-09-01,8,Abbreviations and End Marks
2026-09-02,8,Quotation Marks Rule 2
2026-09-02,8,Apostrophes Rule 1
2026-09-07,7,Conjunctions
2026-09-08,8,Commas Rule 2
2026-09-10,7,Compound Subjects and Verbs
2026-09-14,7,Agreement of Subject and Verb
2026-09-15,8,Quotation Marks Rule 1
2026-09-17,7,Pronouns and Antecedents
2026-09-21,7,Using Lie and Lay Correctly
2026-09-24,7,Adverbs-Modifying Verbs
2026-09-28,7,Using Your and You're
2026-10-01,7,Good and Well
2026-10-05,7,"Using To, Too, and Two"
2026-10-06,8,"Capitalization Rules 4,5"
2026-10-08,7,Prepositional Phrases
2026-10-15,7,Interjections
2026-10-15,8,Declaritive and Interrogative
2026-10-20,8,Sentence Parts: Subject/Predicate
2026-10-22,7,Using Sit and Set Correctly
2026-10-22,8,Fixing Run-together Sentences
2026-10-29,8,Encyclopedia Guide Words
2026-10-29,7,Using Its and It's
2026-11-05,8,Commas Rule 1
2026-11-06,8,Helping Verbs
2026-11-06,9,State of Being Verbs
2026-11-12,8,"Commas Rules 3,4,5"
2026-11-21,8,"Capitalization Rules 10,11"
2026-11-26,8,Apostrophes Rule 2
2026-12-02,10,"Capitalization Rules 7,8,9"
2026-12-03,8,"Capitalization Rules 1,2,3"
2026-12-10,8,Capitalization Rule 6
2026-12-17,9,Colons and Underlining
